"AD_PERFORMANCE_REPORT (Apr 1, 2022-Apr 30, 2022)"
Ad,Headline 1,Headline 2,Expanded Text Ad Headline 3,Display URL,Description,Description line 1,Description line 2,Ad type,Ad ID,Impressions,Clicks,Cost,Conversions,Responsive Search Ad headlines,Responsive Search Ad descriptions,Responsive Search Ad path 1,Responsive Search Ad path 2,Expanded Text Ad Description 2,Expanded Dynamic Search Ad Description 2,Final URL,Path 1,Path 2,Long headline,Headlines (multi asset responsive display),Long headline (multi asset responsive display),Descriptions (multi asset responsive display),CTR,Day
, --, --, --,, --,,,Shopping ad (goal-optimized),490562103776,9572,109,77586427,0.00, --, --, --, --, --, --, --, --, --, --, --, --, --,1.14%,2022-04-12
, --, --, --,, --,,,Responsive search ad,590097485687,2537,7,19046528,1.00,"[{""assetText"":""{KeyWord:undermount kitchen sink}"",""assetId"":36092219094,""assetPerformanceLabel"":""PENDING"",""assetApprovalStatus"":""APPROVED""},{""assetText"":""Fast Shipping | Secure Payment"",""assetId"":36092219085,""assetPerformanceLabel"":""PENDING"",""assetApprovalStatus"":""APPROVED""},{""assetText"":""Undermount Kitchen Sinks"",""assetId"":36092219088,""assetPerformanceLabel"":""PENDING"",""assetApprovalStatus"":""APPROVED""},{""assetText"":""With Lifetime Warranty"",""assetId"":17913150578,""assetPerformanceLabel"":""PENDING"",""assetApprovalStatus"":""APPROVED""},{""assetText"":""Buy Kitchen Sinks"",""assetId"":36092219100,""assetPerformanceLabel"":""PENDING"",""assetApprovalStatus"":""APPROVED""},{""assetText"":""ADA Compliant Sinks"",""assetId"":36090546369,""assetPerformanceLabel"":""PENDING"",""assetApprovalStatus"":""APPROVED""},{""assetText"":""Starts @ $96 Only"",""assetId"":36092219097,""assetPerformanceLabel"":""PENDING"",""assetApprovalStatus"":""APPROVED""},{""assetText"":""100% American Company"",""assetId"":36092219091,""assetPerformanceLabel"":""PENDING"",""assetApprovalStatus"":""APPROVED""},{""assetText"":""Reliable Top Quality Product"",""assetId"":36092219103,""assetPerformanceLabel"":""PENDING"",""assetApprovalStatus"":""APPROVED""}]","[{""assetText"":""Kralsu.com Wholesale Kitchen and Bathroom Faucets, Sinks and Accessories"",""assetId"":17985336866,""assetPerformanceLabel"":""PENDING"",""assetApprovalStatus"":""APPROVED""},{""assetText"":""Sinks and Accessories– KralSu Sink and Faucet Supplies"",""assetId"":35694740487,""assetPerformanceLabel"":""PENDING"",""assetApprovalStatus"":""APPROVED""},{""assetText"":""Top Ways To Choose The Best Working Kitchen Designs"",""assetId"":35694740484,""assetPerformanceLabel"":""PENDING"",""assetApprovalStatus"":""APPROVED""},{""assetText"":""100% Money Back Guarantee"",""assetId"":17985336854,""assetPerformanceLabel"":""PENDING"",""assetApprovalStatus"":""APPROVED""}]",undermount sink, --, --, --,"[""https://www.kralsu.com/collections/kitchen-sinks?_=pf&pf_t_installation=Installation%3A%20Undermount""]", --, --, --, --, --, --,0.28%,2022-04-05
, --, --, --,, --,,,Shopping ad (goal-optimized),490562103776,27226,313,239543215,0.00, --, --, --, --, --, --, --, --, --, --, --, --, --,1.15%,2022-04-14
, --, --, --,, --,,,Responsive search ad,590097485687,3875,3,13152192,0.00,"[{""assetText"":""{KeyWord:undermount kitchen sink}"",""assetId"":36092219094,""assetPerformanceLabel"":""PENDING"",""assetApprovalStatus"":""APPROVED""},{""assetText"":""Fast Shipping | Secure Payment"",""assetId"":36092219085,""assetPerformanceLabel"":""PENDING"",""assetApprovalStatus"":""APPROVED""},{""assetText"":""Undermount Kitchen Sinks"",""assetId"":36092219088,""assetPerformanceLabel"":""PENDING"",""assetApprovalStatus"":""APPROVED""},{""assetText"":""With Lifetime Warranty"",""assetId"":17913150578,""assetPerformanceLabel"":""PENDING"",""assetApprovalStatus"":""APPROVED""},{""assetText"":""Buy Kitchen Sinks"",""assetId"":36092219100,""assetPerformanceLabel"":""PENDING"",""assetApprovalStatus"":""APPROVED""},{""assetText"":""ADA Compliant Sinks"",""assetId"":36090546369,""assetPerformanceLabel"":""PENDING"",""assetApprovalStatus"":""APPROVED""},{""assetText"":""Starts @ $96 Only"",""assetId"":36092219097,""assetPerformanceLabel"":""PENDING"",""assetApprovalStatus"":""APPROVED""},{""assetText"":""100% American Company"",""assetId"":36092219091,""assetPerformanceLabel"":""PENDING"",""assetApprovalStatus"":""APPROVED""},{""assetText"":""Reliable Top Quality Product"",""assetId"":36092219103,""assetPerformanceLabel"":""PENDING"",""assetApprovalStatus"":""APPROVED""}]","[{""assetText"":""Kralsu.com Wholesale Kitchen and Bathroom Faucets, Sinks and Accessories"",""assetId"":17985336866,""assetPerformanceLabel"":""PENDING"",""assetApprovalStatus"":""APPROVED""},{""assetText"":""Sinks and Accessories– KralSu Sink and Faucet Supplies"",""assetId"":35694740487,""assetPerformanceLabel"":""PENDING"",""assetApprovalStatus"":""APPROVED""},{""assetText"":""Top Ways To Choose The Best Working Kitchen Designs"",""assetId"":35694740484,""assetPerformanceLabel"":""PENDING"",""assetApprovalStatus"":""APPROVED""},{""assetText"":""100% Money Back Guarantee"",""assetId"":17985336854,""assetPerformanceLabel"":""PENDING"",""assetApprovalStatus"":""APPROVED""}]",undermount sink, --, --, --,"[""https://www.kralsu.com/collections/kitchen-sinks?_=pf&pf_t_installation=Installation%3A%20Undermount""]", --, --, --, --, --, --,0.08%,2022-04-02
, --, --, --,, --,,,Shopping ad (goal-optimized),490562103776,19810,196,228353923,1.00, --, --, --, --, --, --, --, --, --, --, --, --, --,0.99%,2022-04-05
, --, --, --,, --,,,Responsive search ad,590097485687,494,7,18659848,0.00,"[{""assetText"":""{KeyWord:undermount kitchen sink}"",""assetId"":36092219094,""assetPerformanceLabel"":""PENDING"",""assetApprovalStatus"":""APPROVED""},{""assetText"":""Fast Shipping | Secure Payment"",""assetId"":36092219085,""assetPerformanceLabel"":""PENDING"",""assetApprovalStatus"":""APPROVED""},{""assetText"":""Undermount Kitchen Sinks"",""assetId"":36092219088,""assetPerformanceLabel"":""PENDING"",""assetApprovalStatus"":""APPROVED""},{""assetText"":""With Lifetime Warranty"",""assetId"":17913150578,""assetPerformanceLabel"":""PENDING"",""assetApprovalStatus"":""APPROVED""},{""assetText"":""Buy Kitchen Sinks"",""assetId"":36092219100,""assetPerformanceLabel"":""PENDING"",""assetApprovalStatus"":""APPROVED""},{""assetText"":""ADA Compliant Sinks"",""assetId"":36090546369,""assetPerformanceLabel"":""PENDING"",""assetApprovalStatus"":""APPROVED""},{""assetText"":""Starts @ $96 Only"",""assetId"":36092219097,""assetPerformanceLabel"":""PENDING"",""assetApprovalStatus"":""APPROVED""},{""assetText"":""100% American Company"",""assetId"":36092219091,""assetPerformanceLabel"":""PENDING"",""assetApprovalStatus"":""APPROVED""},{""assetText"":""Reliable Top Quality Product"",""assetId"":36092219103,""assetPerformanceLabel"":""PENDING"",""assetApprovalStatus"":""APPROVED""}]","[{""assetText"":""Kralsu.com Wholesale Kitchen and Bathroom Faucets, Sinks and Accessories"",""assetId"":17985336866,""assetPerformanceLabel"":""PENDING"",""assetApprovalStatus"":""APPROVED""},{""assetText"":""Sinks and Accessories– KralSu Sink and Faucet Supplies"",""assetId"":35694740487,""assetPerformanceLabel"":""PENDING"",""assetApprovalStatus"":""APPROVED""},{""assetText"":""Top Ways To Choose The Best Working Kitchen Designs"",""assetId"":35694740484,""assetPerformanceLabel"":""PENDING"",""assetApprovalStatus"":""APPROVED""},{""assetText"":""100% Money Back Guarantee"",""assetId"":17985336854,""assetPerformanceLabel"":""PENDING"",""assetApprovalStatus"":""APPROVED""}]",undermount sink, --, --, --,"[""https://www.kralsu.com/collections/kitchen-sinks?_=pf&pf_t_installation=Installation%3A%20Undermount""]", --, --, --, --, --, --,1.42%,2022-04-12
, --, --, --,, --,,,Shopping ad (goal-optimized),490562103776,11777,148,186140504,0.00, --, --, --, --, --, --, --, --, --, --, --, --, --,1.26%,2022-04-21
, --, --, --,, --,,,Shopping ad (goal-optimized),490562103776,9485,120,104122009,1.00, --, --, --, --, --, --, --, --, --, --, --, --, --,1.27%,2022-04-02
, --, --, --,, --,,,Responsive search ad,590097485687,1598,2,7811371,0.00,"[{""assetText"":""{KeyWord:undermount kitchen sink}"",""assetId"":36092219094,""assetPerformanceLabel"":""PENDING"",""assetApprovalStatus"":""APPROVED""},{""assetText"":""Fast Shipping | Secure Payment"",""assetId"":36092219085,""assetPerformanceLabel"":""PENDING"",""assetApprovalStatus"":""APPROVED""},{""assetText"":""Undermount Kitchen Sinks"",""assetId"":36092219088,""assetPerformanceLabel"":""PENDING"",""assetApprovalStatus"":""APPROVED""},{""assetText"":""With Lifetime Warranty"",""assetId"":17913150578,""assetPerformanceLabel"":""PENDING"",""assetApprovalStatus"":""APPROVED""},{""assetText"":""Buy Kitchen Sinks"",""assetId"":36092219100,""assetPerformanceLabel"":""PENDING"",""assetApprovalStatus"":""APPROVED""},{""assetText"":""ADA Compliant Sinks"",""assetId"":36090546369,""assetPerformanceLabel"":""PENDING"",""assetApprovalStatus"":""APPROVED""},{""assetText"":""Starts @ $96 Only"",""assetId"":36092219097,""assetPerformanceLabel"":""PENDING"",""assetApprovalStatus"":""APPROVED""},{""assetText"":""100% American Company"",""assetId"":36092219091,""assetPerformanceLabel"":""PENDING"",""assetApprovalStatus"":""APPROVED""},{""assetText"":""Reliable Top Quality Product"",""assetId"":36092219103,""assetPerformanceLabel"":""PENDING"",""assetApprovalStatus"":""APPROVED""}]","[{""assetText"":""Kralsu.com Wholesale Kitchen and Bathroom Faucets, Sinks and Accessories"",""assetId"":17985336866,""assetPerformanceLabel"":""PENDING"",""assetApprovalStatus"":""APPROVED""},{""assetText"":""Sinks and Accessories– KralSu Sink and Faucet Supplies"",""assetId"":35694740487,""assetPerformanceLabel"":""PENDING"",""assetApprovalStatus"":""APPROVED""},{""assetText"":""Top Ways To Choose The Best Working Kitchen Designs"",""assetId"":35694740484,""assetPerformanceLabel"":""PENDING"",""assetApprovalStatus"":""APPROVED""},{""assetText"":""100% Money Back Guarantee"",""assetId"":17985336854,""assetPerformanceLabel"":""PENDING"",""assetApprovalStatus"":""APPROVED""}]",undermount sink, --, --, --,"[""https://www.kralsu.com/collections/kitchen-sinks?_=pf&pf_t_installation=Installation%3A%20Undermount""]", --, --, --, --, --, --,0.13%,2022-04-03
, --, --, --,, --,,,Shopping ad (goal-optimized),490562103776,2433,30,20516024,0.00, --, --, --, --, --, --, --, --, --, --, --, --, --,1.23%,2022-04-20
, --, --, --,, --,,,Shopping ad (goal-optimized),490562103776,10920,95,110084462,0.00, --, --, --, --, --, --, --, --, --, --, --, --, --,0.87%,2022-04-28
, --, --, --,, --,,,Responsive search ad,590097485687,301,5,12051736,0.00,"[{""assetText"":""{KeyWord:undermount kitchen sink}"",""assetId"":36092219094,""assetPerformanceLabel"":""PENDING"",""assetApprovalStatus"":""APPROVED""},{""assetText"":""Fast Shipping | Secure Payment"",""assetId"":36092219085,""assetPerformanceLabel"":""PENDING"",""assetApprovalStatus"":""APPROVED""},{""assetText"":""Undermount Kitchen Sinks"",""assetId"":36092219088,""assetPerformanceLabel"":""PENDING"",""assetApprovalStatus"":""APPROVED""},{""assetText"":""With Lifetime Warranty"",""assetId"":17913150578,""assetPerformanceLabel"":""PENDING"",""assetApprovalStatus"":""APPROVED""},{""assetText"":""Buy Kitchen Sinks"",""assetId"":36092219100,""assetPerformanceLabel"":""PENDING"",""assetApprovalStatus"":""APPROVED""},{""assetText"":""ADA Compliant Sinks"",""assetId"":36090546369,""assetPerformanceLabel"":""PENDING"",""assetApprovalStatus"":""APPROVED""},{""assetText"":""Starts @ $96 Only"",""assetId"":36092219097,""assetPerformanceLabel"":""PENDING"",""assetApprovalStatus"":""APPROVED""},{""assetText"":""100% American Company"",""assetId"":36092219091,""assetPerformanceLabel"":""PENDING"",""assetApprovalStatus"":""APPROVED""},{""assetText"":""Reliable Top Quality Product"",""assetId"":36092219103,""assetPerformanceLabel"":""PENDING"",""assetApprovalStatus"":""APPROVED""}]","[{""assetText"":""Kralsu.com Wholesale Kitchen and Bathroom Faucets, Sinks and Accessories"",""assetId"":17985336866,""assetPerformanceLabel"":""PENDING"",""assetApprovalStatus"":""APPROVED""},{""assetText"":""Sinks and Accessories– KralSu Sink and Faucet Supplies"",""assetId"":35694740487,""assetPerformanceLabel"":""PENDING"",""assetApprovalStatus"":""APPROVED""},{""assetText"":""Top Ways To Choose The Best Working Kitchen Designs"",""assetId"":35694740484,""assetPerformanceLabel"":""PENDING"",""assetApprovalStatus"":""APPROVED""},{""assetText"":""100% Money Back Guarantee"",""assetId"":17985336854,""assetPerformanceLabel"":""PENDING"",""assetApprovalStatus"":""APPROVED""}]",undermount sink, --, --, --,"[""https://www.kralsu.com/collections/kitchen-sinks?_=pf&pf_t_installation=Installation%3A%20Undermount""]", --, --, --, --, --, --,1.66%,2022-04-19
, --, --, --,, --,,,Responsive search ad,590097485687,9,0,0,0.00,"[{""assetText"":""{KeyWord:undermount kitchen sink}"",""assetId"":36092219094,""assetPerformanceLabel"":""PENDING"",""assetApprovalStatus"":""APPROVED""},{""assetText"":""Fast Shipping | Secure Payment"",""assetId"":36092219085,""assetPerformanceLabel"":""PENDING"",""assetApprovalStatus"":""APPROVED""},{""assetText"":""Undermount Kitchen Sinks"",""assetId"":36092219088,""assetPerformanceLabel"":""PENDING"",""assetApprovalStatus"":""APPROVED""},{""assetText"":""With Lifetime Warranty"",""assetId"":17913150578,""assetPerformanceLabel"":""PENDING"",""assetApprovalStatus"":""APPROVED""},{""assetText"":""Buy Kitchen Sinks"",""assetId"":36092219100,""assetPerformanceLabel"":""PENDING"",""assetApprovalStatus"":""APPROVED""},{""assetText"":""ADA Compliant Sinks"",""assetId"":36090546369,""assetPerformanceLabel"":""PENDING"",""assetApprovalStatus"":""APPROVED""},{""assetText"":""Starts @ $96 Only"",""assetId"":36092219097,""assetPerformanceLabel"":""PENDING"",""assetApprovalStatus"":""APPROVED""},{""assetText"":""100% American Company"",""assetId"":36092219091,""assetPerformanceLabel"":""PENDING"",""assetApprovalStatus"":""APPROVED""},{""assetText"":""Reliable Top Quality Product"",""assetId"":36092219103,""assetPerformanceLabel"":""PENDING"",""assetApprovalStatus"":""APPROVED""}]","[{""assetText"":""Kralsu.com Wholesale Kitchen and Bathroom Faucets, Sinks and Accessories"",""assetId"":17985336866,""assetPerformanceLabel"":""PENDING"",""assetApprovalStatus"":""APPROVED""},{""assetText"":""Sinks and Accessories– KralSu Sink and Faucet Supplies"",""assetId"":35694740487,""assetPerformanceLabel"":""PENDING"",""assetApprovalStatus"":""APPROVED""},{""assetText"":""Top Ways To Choose The Best Working Kitchen Designs"",""assetId"":35694740484,""assetPerformanceLabel"":""PENDING"",""assetApprovalStatus"":""APPROVED""},{""assetText"":""100% Money Back Guarantee"",""assetId"":17985336854,""assetPerformanceLabel"":""PENDING"",""assetApprovalStatus"":""APPROVED""}]",undermount sink, --, --, --,"[""https://www.kralsu.com/collections/kitchen-sinks?_=pf&pf_t_installation=Installation%3A%20Undermount""]", --, --, --, --, --, --,0.00%,2022-04-21
, --, --, --,, --,,,Shopping ad (goal-optimized),490562103776,8532,98,81286189,1.00, --, --, --, --, --, --, --, --, --, --, --, --, --,1.15%,2022-04-11
, --, --, --,, --,,,Responsive search ad,590097485687,484,11,16336695,0.00,"[{""assetText"":""{KeyWord:undermount kitchen sink}"",""assetId"":36092219094,""assetPerformanceLabel"":""PENDING"",""assetApprovalStatus"":""APPROVED""},{""assetText"":""Fast Shipping | Secure Payment"",""assetId"":36092219085,""assetPerformanceLabel"":""PENDING"",""assetApprovalStatus"":""APPROVED""},{""assetText"":""Undermount Kitchen Sinks"",""assetId"":36092219088,""assetPerformanceLabel"":""PENDING"",""assetApprovalStatus"":""APPROVED""},{""assetText"":""With Lifetime Warranty"",""assetId"":17913150578,""assetPerformanceLabel"":""PENDING"",""assetApprovalStatus"":""APPROVED""},{""assetText"":""Buy Kitchen Sinks"",""assetId"":36092219100,""assetPerformanceLabel"":""PENDING"",""assetApprovalStatus"":""APPROVED""},{""assetText"":""ADA Compliant Sinks"",""assetId"":36090546369,""assetPerformanceLabel"":""PENDING"",""assetApprovalStatus"":""APPROVED""},{""assetText"":""Starts @ $96 Only"",""assetId"":36092219097,""assetPerformanceLabel"":""PENDING"",""assetApprovalStatus"":""APPROVED""},{""assetText"":""100% American Company"",""assetId"":36092219091,""assetPerformanceLabel"":""PENDING"",""assetApprovalStatus"":""APPROVED""},{""assetText"":""Reliable Top Quality Product"",""assetId"":36092219103,""assetPerformanceLabel"":""PENDING"",""assetApprovalStatus"":""APPROVED""}]","[{""assetText"":""Kralsu.com Wholesale Kitchen and Bathroom Faucets, Sinks and Accessories"",""assetId"":17985336866,""assetPerformanceLabel"":""PENDING"",""assetApprovalStatus"":""APPROVED""},{""assetText"":""Sinks and Accessories– KralSu Sink and Faucet Supplies"",""assetId"":35694740487,""assetPerformanceLabel"":""PENDING"",""assetApprovalStatus"":""APPROVED""},{""assetText"":""Top Ways To Choose The Best Working Kitchen Designs"",""assetId"":35694740484,""assetPerformanceLabel"":""PENDING"",""assetApprovalStatus"":""APPROVED""},{""assetText"":""100% Money Back Guarantee"",""assetId"":17985336854,""assetPerformanceLabel"":""PENDING"",""assetApprovalStatus"":""APPROVED""}]",undermount sink, --, --, --,"[""https://www.kralsu.com/collections/kitchen-sinks?_=pf&pf_t_installation=Installation%3A%20Undermount""]", --, --, --, --, --, --,2.27%,2022-04-13
, --, --, --,, --,,,Shopping ad (goal-optimized),490562103776,12111,107,121766675,1.00, --, --, --, --, --, --, --, --, --, --, --, --, --,0.88%,2022-04-04
, --, --, --,, --,,,Shopping ad (goal-optimized),490562103776,27192,236,148590955,0.00, --, --, --, --, --, --, --, --, --, --, --, --, --,0.87%,2022-04-09
, --, --, --,, --,,,Shopping ad (goal-optimized),490562103776,27440,383,254553574,1.00, --, --, --, --, --, --, --, --, --, --, --, --, --,1.40%,2022-04-13
, --, --, --,, --,,,Responsive search ad,590097485687,993,11,13066222,0.00,"[{""assetText"":""{KeyWord:undermount kitchen sink}"",""assetId"":36092219094,""assetPerformanceLabel"":""PENDING"",""assetApprovalStatus"":""APPROVED""},{""assetText"":""Fast Shipping | Secure Payment"",""assetId"":36092219085,""assetPerformanceLabel"":""PENDING"",""assetApprovalStatus"":""APPROVED""},{""assetText"":""Undermount Kitchen Sinks"",""assetId"":36092219088,""assetPerformanceLabel"":""PENDING"",""assetApprovalStatus"":""APPROVED""},{""assetText"":""With Lifetime Warranty"",""assetId"":17913150578,""assetPerformanceLabel"":""PENDING"",""assetApprovalStatus"":""APPROVED""},{""assetText"":""Buy Kitchen Sinks"",""assetId"":36092219100,""assetPerformanceLabel"":""PENDING"",""assetApprovalStatus"":""APPROVED""},{""assetText"":""ADA Compliant Sinks"",""assetId"":36090546369,""assetPerformanceLabel"":""PENDING"",""assetApprovalStatus"":""APPROVED""},{""assetText"":""Starts @ $96 Only"",""assetId"":36092219097,""assetPerformanceLabel"":""PENDING"",""assetApprovalStatus"":""APPROVED""},{""assetText"":""100% American Company"",""assetId"":36092219091,""assetPerformanceLabel"":""PENDING"",""assetApprovalStatus"":""APPROVED""},{""assetText"":""Reliable Top Quality Product"",""assetId"":36092219103,""assetPerformanceLabel"":""PENDING"",""assetApprovalStatus"":""APPROVED""}]","[{""assetText"":""Kralsu.com Wholesale Kitchen and Bathroom Faucets, Sinks and Accessories"",""assetId"":17985336866,""assetPerformanceLabel"":""PENDING"",""assetApprovalStatus"":""APPROVED""},{""assetText"":""Sinks and Accessories– KralSu Sink and Faucet Supplies"",""assetId"":35694740487,""assetPerformanceLabel"":""PENDING"",""assetApprovalStatus"":""APPROVED""},{""assetText"":""Top Ways To Choose The Best Working Kitchen Designs"",""assetId"":35694740484,""assetPerformanceLabel"":""PENDING"",""assetApprovalStatus"":""APPROVED""},{""assetText"":""100% Money Back Guarantee"",""assetId"":17985336854,""assetPerformanceLabel"":""PENDING"",""assetApprovalStatus"":""APPROVED""}]",undermount sink, --, --, --,"[""https://www.kralsu.com/collections/kitchen-sinks?_=pf&pf_t_installation=Installation%3A%20Undermount""]", --, --, --, --, --, --,1.11%,2022-04-07
, --, --, --,, --,,,Responsive search ad,590097485687,323,7,29400000,0.00,"[{""assetText"":""{KeyWord:undermount kitchen sink}"",""assetId"":36092219094,""assetPerformanceLabel"":""PENDING"",""assetApprovalStatus"":""APPROVED""},{""assetText"":""Fast Shipping | Secure Payment"",""assetId"":36092219085,""assetPerformanceLabel"":""PENDING"",""assetApprovalStatus"":""APPROVED""},{""assetText"":""Undermount Kitchen Sinks"",""assetId"":36092219088,""assetPerformanceLabel"":""PENDING"",""assetApprovalStatus"":""APPROVED""},{""assetText"":""With Lifetime Warranty"",""assetId"":17913150578,""assetPerformanceLabel"":""PENDING"",""assetApprovalStatus"":""APPROVED""},{""assetText"":""Buy Kitchen Sinks"",""assetId"":36092219100,""assetPerformanceLabel"":""PENDING"",""assetApprovalStatus"":""APPROVED""},{""assetText"":""ADA Compliant Sinks"",""assetId"":36090546369,""assetPerformanceLabel"":""PENDING"",""assetApprovalStatus"":""APPROVED""},{""assetText"":""Starts @ $96 Only"",""assetId"":36092219097,""assetPerformanceLabel"":""PENDING"",""assetApprovalStatus"":""APPROVED""},{""assetText"":""100% American Company"",""assetId"":36092219091,""assetPerformanceLabel"":""PENDING"",""assetApprovalStatus"":""APPROVED""},{""assetText"":""Reliable Top Quality Product"",""assetId"":36092219103,""assetPerformanceLabel"":""PENDING"",""assetApprovalStatus"":""APPROVED""}]","[{""assetText"":""Kralsu.com Wholesale Kitchen and Bathroom Faucets, Sinks and Accessories"",""assetId"":17985336866,""assetPerformanceLabel"":""PENDING"",""assetApprovalStatus"":""APPROVED""},{""assetText"":""Sinks and Accessories– KralSu Sink and Faucet Supplies"",""assetId"":35694740487,""assetPerformanceLabel"":""PENDING"",""assetApprovalStatus"":""APPROVED""},{""assetText"":""Top Ways To Choose The Best Working Kitchen Designs"",""assetId"":35694740484,""assetPerformanceLabel"":""PENDING"",""assetApprovalStatus"":""APPROVED""},{""assetText"":""100% Money Back Guarantee"",""assetId"":17985336854,""assetPerformanceLabel"":""PENDING"",""assetApprovalStatus"":""APPROVED""}]",undermount sink, --, --, --,"[""https://www.kralsu.com/collections/kitchen-sinks?_=pf&pf_t_installation=Installation%3A%20Undermount""]", --, --, --, --, --, --,2.17%,2022-04-18
, --, --, --,, --,,,Shopping ad (goal-optimized),490562103776,2035,22,17690000,0.00, --, --, --, --, --, --, --, --, --, --, --, --, --,1.08%,2022-04-23
, --, --, --,, --,,,Shopping ad (goal-optimized),490562103776,18494,148,100893149,1.00, --, --, --, --, --, --, --, --, --, --, --, --, --,0.80%,2022-04-10
, --, --, --,, --,,,Shopping ad (goal-optimized),490562103776,36588,729,321178724,1.00, --, --, --, --, --, --, --, --, --, --, --, --, --,1.99%,2022-04-07
, --, --, --,, --,,,Shopping ad (goal-optimized),490562103776,2002,19,15431486,0.00, --, --, --, --, --, --, --, --, --, --, --, --, --,0.95%,2022-04-16
, --, --, --,, --,,,Shopping ad (goal-optimized),490562103776,9228,85,105049231,0.00, --, --, --, --, --, --, --, --, --, --, --, --, --,0.92%,2022-04-27
, --, --, --,, --,,,Shopping ad (goal-optimized),490562103776,9052,88,94547712,1.00, --, --, --, --, --, --, --, --, --, --, --, --, --,0.97%,2022-04-03
, --, --, --,, --,,,Shopping ad (goal-optimized),490562103776,10484,94,85301807,0.00, --, --, --, --, --, --, --, --, --, --, --, --, --,0.90%,2022-04-08
, --, --, --,, --,,,Responsive search ad,590097485687,1302,13,18173680,0.00,"[{""assetText"":""{KeyWord:undermount kitchen sink}"",""assetId"":36092219094,""assetPerformanceLabel"":""PENDING"",""assetApprovalStatus"":""APPROVED""},{""assetText"":""Fast Shipping | Secure Payment"",""assetId"":36092219085,""assetPerformanceLabel"":""PENDING"",""assetApprovalStatus"":""APPROVED""},{""assetText"":""Undermount Kitchen Sinks"",""assetId"":36092219088,""assetPerformanceLabel"":""PENDING"",""assetApprovalStatus"":""APPROVED""},{""assetText"":""With Lifetime Warranty"",""assetId"":17913150578,""assetPerformanceLabel"":""PENDING"",""assetApprovalStatus"":""APPROVED""},{""assetText"":""Buy Kitchen Sinks"",""assetId"":36092219100,""assetPerformanceLabel"":""PENDING"",""assetApprovalStatus"":""APPROVED""},{""assetText"":""ADA Compliant Sinks"",""assetId"":36090546369,""assetPerformanceLabel"":""PENDING"",""assetApprovalStatus"":""APPROVED""},{""assetText"":""Starts @ $96 Only"",""assetId"":36092219097,""assetPerformanceLabel"":""PENDING"",""assetApprovalStatus"":""APPROVED""},{""assetText"":""100% American Company"",""assetId"":36092219091,""assetPerformanceLabel"":""PENDING"",""assetApprovalStatus"":""APPROVED""},{""assetText"":""Reliable Top Quality Product"",""assetId"":36092219103,""assetPerformanceLabel"":""PENDING"",""assetApprovalStatus"":""APPROVED""}]","[{""assetText"":""Kralsu.com Wholesale Kitchen and Bathroom Faucets, Sinks and Accessories"",""assetId"":17985336866,""assetPerformanceLabel"":""PENDING"",""assetApprovalStatus"":""APPROVED""},{""assetText"":""Sinks and Accessories– KralSu Sink and Faucet Supplies"",""assetId"":35694740487,""assetPerformanceLabel"":""PENDING"",""assetApprovalStatus"":""APPROVED""},{""assetText"":""Top Ways To Choose The Best Working Kitchen Designs"",""assetId"":35694740484,""assetPerformanceLabel"":""PENDING"",""assetApprovalStatus"":""APPROVED""},{""assetText"":""100% Money Back Guarantee"",""assetId"":17985336854,""assetPerformanceLabel"":""PENDING"",""assetApprovalStatus"":""APPROVED""}]",undermount sink, --, --, --,"[""https://www.kralsu.com/collections/kitchen-sinks?_=pf&pf_t_installation=Installation%3A%20Undermount""]", --, --, --, --, --, --,1.00%,2022-04-11
, --, --, --,, --,,,Responsive search ad,590097485687,367,3,4423770,0.00,"[{""assetText"":""{KeyWord:undermount kitchen sink}"",""assetId"":36092219094,""assetPerformanceLabel"":""PENDING"",""assetApprovalStatus"":""APPROVED""},{""assetText"":""Fast Shipping | Secure Payment"",""assetId"":36092219085,""assetPerformanceLabel"":""PENDING"",""assetApprovalStatus"":""APPROVED""},{""assetText"":""Undermount Kitchen Sinks"",""assetId"":36092219088,""assetPerformanceLabel"":""PENDING"",""assetApprovalStatus"":""APPROVED""},{""assetText"":""With Lifetime Warranty"",""assetId"":17913150578,""assetPerformanceLabel"":""PENDING"",""assetApprovalStatus"":""APPROVED""},{""assetText"":""Buy Kitchen Sinks"",""assetId"":36092219100,""assetPerformanceLabel"":""PENDING"",""assetApprovalStatus"":""APPROVED""},{""assetText"":""ADA Compliant Sinks"",""assetId"":36090546369,""assetPerformanceLabel"":""PENDING"",""assetApprovalStatus"":""APPROVED""},{""assetText"":""Starts @ $96 Only"",""assetId"":36092219097,""assetPerformanceLabel"":""PENDING"",""assetApprovalStatus"":""APPROVED""},{""assetText"":""100% American Company"",""assetId"":36092219091,""assetPerformanceLabel"":""PENDING"",""assetApprovalStatus"":""APPROVED""},{""assetText"":""Reliable Top Quality Product"",""assetId"":36092219103,""assetPerformanceLabel"":""PENDING"",""assetApprovalStatus"":""APPROVED""}]","[{""assetText"":""Kralsu.com Wholesale Kitchen and Bathroom Faucets, Sinks and Accessories"",""assetId"":17985336866,""assetPerformanceLabel"":""PENDING"",""assetApprovalStatus"":""APPROVED""},{""assetText"":""Sinks and Accessories– KralSu Sink and Faucet Supplies"",""assetId"":35694740487,""assetPerformanceLabel"":""PENDING"",""assetApprovalStatus"":""APPROVED""},{""assetText"":""Top Ways To Choose The Best Working Kitchen Designs"",""assetId"":35694740484,""assetPerformanceLabel"":""PENDING"",""assetApprovalStatus"":""APPROVED""},{""assetText"":""100% Money Back Guarantee"",""assetId"":17985336854,""assetPerformanceLabel"":""PENDING"",""assetApprovalStatus"":""APPROVED""}]",undermount sink, --, --, --,"[""https://www.kralsu.com/collections/kitchen-sinks?_=pf&pf_t_installation=Installation%3A%20Undermount""]", --, --, --, --, --, --,0.82%,2022-04-16
, --, --, --,, --,,,Shopping ad (goal-optimized),490562103776,1567,27,17382433,0.00, --, --, --, --, --, --, --, --, --, --, --, --, --,1.72%,2022-04-24
, --, --, --,, --,,,Shopping ad (goal-optimized),490562103776,15480,164,179350000,4.00, --, --, --, --, --, --, --, --, --, --, --, --, --,1.06%,2022-04-30
, --, --, --,, --,,,Shopping ad (goal-optimized),490562103776,6500,72,88439042,0.00, --, --, --, --, --, --, --, --, --, --, --, --, --,1.11%,2022-04-01
, --, --, --,, --,,,Shopping ad (goal-optimized),490562103776,19010,306,180524652,1.40, --, --, --, --, --, --, --, --, --, --, --, --, --,1.61%,2022-04-06
, --, --, --,, --,,,Responsive search ad,590097485687,372,9,15282839,0.00,"[{""assetText"":""{KeyWord:undermount kitchen sink}"",""assetId"":36092219094,""assetPerformanceLabel"":""PENDING"",""assetApprovalStatus"":""APPROVED""},{""assetText"":""Fast Shipping | Secure Payment"",""assetId"":36092219085,""assetPerformanceLabel"":""PENDING"",""assetApprovalStatus"":""APPROVED""},{""assetText"":""Undermount Kitchen Sinks"",""assetId"":36092219088,""assetPerformanceLabel"":""PENDING"",""assetApprovalStatus"":""APPROVED""},{""assetText"":""With Lifetime Warranty"",""assetId"":17913150578,""assetPerformanceLabel"":""PENDING"",""assetApprovalStatus"":""APPROVED""},{""assetText"":""Buy Kitchen Sinks"",""assetId"":36092219100,""assetPerformanceLabel"":""PENDING"",""assetApprovalStatus"":""APPROVED""},{""assetText"":""ADA Compliant Sinks"",""assetId"":36090546369,""assetPerformanceLabel"":""PENDING"",""assetApprovalStatus"":""APPROVED""},{""assetText"":""Starts @ $96 Only"",""assetId"":36092219097,""assetPerformanceLabel"":""PENDING"",""assetApprovalStatus"":""APPROVED""},{""assetText"":""100% American Company"",""assetId"":36092219091,""assetPerformanceLabel"":""PENDING"",""assetApprovalStatus"":""APPROVED""},{""assetText"":""Reliable Top Quality Product"",""assetId"":36092219103,""assetPerformanceLabel"":""PENDING"",""assetApprovalStatus"":""APPROVED""}]","[{""assetText"":""Kralsu.com Wholesale Kitchen and Bathroom Faucets, Sinks and Accessories"",""assetId"":17985336866,""assetPerformanceLabel"":""PENDING"",""assetApprovalStatus"":""APPROVED""},{""assetText"":""Sinks and Accessories– KralSu Sink and Faucet Supplies"",""assetId"":35694740487,""assetPerformanceLabel"":""PENDING"",""assetApprovalStatus"":""APPROVED""},{""assetText"":""Top Ways To Choose The Best Working Kitchen Designs"",""assetId"":35694740484,""assetPerformanceLabel"":""PENDING"",""assetApprovalStatus"":""APPROVED""},{""assetText"":""100% Money Back Guarantee"",""assetId"":17985336854,""assetPerformanceLabel"":""PENDING"",""assetApprovalStatus"":""APPROVED""}]",undermount sink, --, --, --,"[""https://www.kralsu.com/collections/kitchen-sinks?_=pf&pf_t_installation=Installation%3A%20Undermount""]", --, --, --, --, --, --,2.42%,2022-04-15
, --, --, --,, --,,,Responsive search ad,590097485687,131,6,11480000,0.00,"[{""assetText"":""{KeyWord:undermount kitchen sink}"",""assetId"":36092219094,""assetPerformanceLabel"":""PENDING"",""assetApprovalStatus"":""APPROVED""},{""assetText"":""Fast Shipping | Secure Payment"",""assetId"":36092219085,""assetPerformanceLabel"":""PENDING"",""assetApprovalStatus"":""APPROVED""},{""assetText"":""Undermount Kitchen Sinks"",""assetId"":36092219088,""assetPerformanceLabel"":""PENDING"",""assetApprovalStatus"":""APPROVED""},{""assetText"":""With Lifetime Warranty"",""assetId"":17913150578,""assetPerformanceLabel"":""PENDING"",""assetApprovalStatus"":""APPROVED""},{""assetText"":""Buy Kitchen Sinks"",""assetId"":36092219100,""assetPerformanceLabel"":""PENDING"",""assetApprovalStatus"":""APPROVED""},{""assetText"":""ADA Compliant Sinks"",""assetId"":36090546369,""assetPerformanceLabel"":""PENDING"",""assetApprovalStatus"":""APPROVED""},{""assetText"":""Starts @ $96 Only"",""assetId"":36092219097,""assetPerformanceLabel"":""PENDING"",""assetApprovalStatus"":""APPROVED""},{""assetText"":""100% American Company"",""assetId"":36092219091,""assetPerformanceLabel"":""PENDING"",""assetApprovalStatus"":""APPROVED""},{""assetText"":""Reliable Top Quality Product"",""assetId"":36092219103,""assetPerformanceLabel"":""PENDING"",""assetApprovalStatus"":""APPROVED""}]","[{""assetText"":""Kralsu.com Wholesale Kitchen and Bathroom Faucets, Sinks and Accessories"",""assetId"":17985336866,""assetPerformanceLabel"":""PENDING"",""assetApprovalStatus"":""APPROVED""},{""assetText"":""Sinks and Accessories– KralSu Sink and Faucet Supplies"",""assetId"":35694740487,""assetPerformanceLabel"":""PENDING"",""assetApprovalStatus"":""APPROVED""},{""assetText"":""Top Ways To Choose The Best Working Kitchen Designs"",""assetId"":35694740484,""assetPerformanceLabel"":""PENDING"",""assetApprovalStatus"":""APPROVED""},{""assetText"":""100% Money Back Guarantee"",""assetId"":17985336854,""assetPerformanceLabel"":""PENDING"",""assetApprovalStatus"":""APPROVED""}]",undermount sink, --, --, --,"[""https://www.kralsu.com/collections/kitchen-sinks?_=pf&pf_t_installation=Installation%3A%20Undermount""]", --, --, --, --, --, --,4.58%,2022-04-20
, --, --, --,, --,,,Shopping ad (goal-optimized),490562103776,3098,43,29139618,0.00, --, --, --, --, --, --, --, --, --, --, --, --, --,1.39%,2022-04-22
, --, --, --,, --,,,Responsive search ad,590097485687,777,7,27564686,1.00,"[{""assetText"":""{KeyWord:undermount kitchen sink}"",""assetId"":36092219094,""assetPerformanceLabel"":""PENDING"",""assetApprovalStatus"":""APPROVED""},{""assetText"":""Fast Shipping | Secure Payment"",""assetId"":36092219085,""assetPerformanceLabel"":""PENDING"",""assetApprovalStatus"":""APPROVED""},{""assetText"":""Undermount Kitchen Sinks"",""assetId"":36092219088,""assetPerformanceLabel"":""PENDING"",""assetApprovalStatus"":""APPROVED""},{""assetText"":""With Lifetime Warranty"",""assetId"":17913150578,""assetPerformanceLabel"":""PENDING"",""assetApprovalStatus"":""APPROVED""},{""assetText"":""Buy Kitchen Sinks"",""assetId"":36092219100,""assetPerformanceLabel"":""PENDING"",""assetApprovalStatus"":""APPROVED""},{""assetText"":""ADA Compliant Sinks"",""assetId"":36090546369,""assetPerformanceLabel"":""PENDING"",""assetApprovalStatus"":""APPROVED""},{""assetText"":""Starts @ $96 Only"",""assetId"":36092219097,""assetPerformanceLabel"":""PENDING"",""assetApprovalStatus"":""APPROVED""},{""assetText"":""100% American Company"",""assetId"":36092219091,""assetPerformanceLabel"":""PENDING"",""assetApprovalStatus"":""APPROVED""},{""assetText"":""Reliable Top Quality Product"",""assetId"":36092219103,""assetPerformanceLabel"":""PENDING"",""assetApprovalStatus"":""APPROVED""}]","[{""assetText"":""Kralsu.com Wholesale Kitchen and Bathroom Faucets, Sinks and Accessories"",""assetId"":17985336866,""assetPerformanceLabel"":""PENDING"",""assetApprovalStatus"":""APPROVED""},{""assetText"":""Sinks and Accessories– KralSu Sink and Faucet Supplies"",""assetId"":35694740487,""assetPerformanceLabel"":""PENDING"",""assetApprovalStatus"":""APPROVED""},{""assetText"":""Top Ways To Choose The Best Working Kitchen Designs"",""assetId"":35694740484,""assetPerformanceLabel"":""PENDING"",""assetApprovalStatus"":""APPROVED""},{""assetText"":""100% Money Back Guarantee"",""assetId"":17985336854,""assetPerformanceLabel"":""PENDING"",""assetApprovalStatus"":""APPROVED""}]",undermount sink, --, --, --,"[""https://www.kralsu.com/collections/kitchen-sinks?_=pf&pf_t_installation=Installation%3A%20Undermount""]", --, --, --, --, --, --,0.90%,2022-04-04
, --, --, --,, --,,,Shopping ad (goal-optimized),490562103776,11927,171,71822594,0.00, --, --, --, --, --, --, --, --, --, --, --, --, --,1.43%,2022-04-15
, --, --, --,, --,,,Shopping ad (goal-optimized),490562103776,2860,37,39031007,0.00, --, --, --, --, --, --, --, --, --, --, --, --, --,1.29%,2022-04-19
, --, --, --,, --,,,Shopping ad (goal-optimized),490562103776,40,0,0,0.00, --, --, --, --, --, --, --, --, --, --, --, --, --,0.00%,2022-04-26
, --, --, --,, --,,,Shopping ad (goal-optimized),490562103776,1518,17,6206419,0.00, --, --, --, --, --, --, --, --, --, --, --, --, --,1.12%,2022-04-18
, --, --, --,, --,,,Shopping ad (goal-optimized),490562103776,21860,260,74637727,3.00, --, --, --, --, --, --, --, --, --, --, --, --, --,1.19%,2022-04-17
, --, --, --,, --,,,Shopping ad (goal-optimized),490562103776,2122,20,12520000,0.00, --, --, --, --, --, --, --, --, --, --, --, --, --,0.94%,2022-04-25
, --, --, --,, --,,,Responsive search ad,590097485687,316,1,2217286,0.00,"[{""assetText"":""{KeyWord:undermount kitchen sink}"",""assetId"":36092219094,""assetPerformanceLabel"":""PENDING"",""assetApprovalStatus"":""APPROVED""},{""assetText"":""Fast Shipping | Secure Payment"",""assetId"":36092219085,""assetPerformanceLabel"":""PENDING"",""assetApprovalStatus"":""APPROVED""},{""assetText"":""Undermount Kitchen Sinks"",""assetId"":36092219088,""assetPerformanceLabel"":""PENDING"",""assetApprovalStatus"":""APPROVED""},{""assetText"":""With Lifetime Warranty"",""assetId"":17913150578,""assetPerformanceLabel"":""PENDING"",""assetApprovalStatus"":""APPROVED""},{""assetText"":""Buy Kitchen Sinks"",""assetId"":36092219100,""assetPerformanceLabel"":""PENDING"",""assetApprovalStatus"":""APPROVED""},{""assetText"":""ADA Compliant Sinks"",""assetId"":36090546369,""assetPerformanceLabel"":""PENDING"",""assetApprovalStatus"":""APPROVED""},{""assetText"":""Starts @ $96 Only"",""assetId"":36092219097,""assetPerformanceLabel"":""PENDING"",""assetApprovalStatus"":""APPROVED""},{""assetText"":""100% American Company"",""assetId"":36092219091,""assetPerformanceLabel"":""PENDING"",""assetApprovalStatus"":""APPROVED""},{""assetText"":""Reliable Top Quality Product"",""assetId"":36092219103,""assetPerformanceLabel"":""PENDING"",""assetApprovalStatus"":""APPROVED""}]","[{""assetText"":""Kralsu.com Wholesale Kitchen and Bathroom Faucets, Sinks and Accessories"",""assetId"":17985336866,""assetPerformanceLabel"":""PENDING"",""assetApprovalStatus"":""APPROVED""},{""assetText"":""Sinks and Accessories– KralSu Sink and Faucet Supplies"",""assetId"":35694740487,""assetPerformanceLabel"":""PENDING"",""assetApprovalStatus"":""APPROVED""},{""assetText"":""Top Ways To Choose The Best Working Kitchen Designs"",""assetId"":35694740484,""assetPerformanceLabel"":""PENDING"",""assetApprovalStatus"":""APPROVED""},{""assetText"":""100% Money Back Guarantee"",""assetId"":17985336854,""assetPerformanceLabel"":""PENDING"",""assetApprovalStatus"":""APPROVED""}]",undermount sink, --, --, --,"[""https://www.kralsu.com/collections/kitchen-sinks?_=pf&pf_t_installation=Installation%3A%20Undermount""]", --, --, --, --, --, --,0.32%,2022-04-01
, --, --, --,, --,,,Responsive search ad,590097485687,33,4,15070000,0.00,"[{""assetText"":""{KeyWord:undermount kitchen sink}"",""assetId"":36092219094,""assetPerformanceLabel"":""PENDING"",""assetApprovalStatus"":""APPROVED""},{""assetText"":""Fast Shipping | Secure Payment"",""assetId"":36092219085,""assetPerformanceLabel"":""PENDING"",""assetApprovalStatus"":""APPROVED""},{""assetText"":""Undermount Kitchen Sinks"",""assetId"":36092219088,""assetPerformanceLabel"":""PENDING"",""assetApprovalStatus"":""APPROVED""},{""assetText"":""With Lifetime Warranty"",""assetId"":17913150578,""assetPerformanceLabel"":""PENDING"",""assetApprovalStatus"":""APPROVED""},{""assetText"":""Buy Kitchen Sinks"",""assetId"":36092219100,""assetPerformanceLabel"":""PENDING"",""assetApprovalStatus"":""APPROVED""},{""assetText"":""ADA Compliant Sinks"",""assetId"":36090546369,""assetPerformanceLabel"":""PENDING"",""assetApprovalStatus"":""APPROVED""},{""assetText"":""Starts @ $96 Only"",""assetId"":36092219097,""assetPerformanceLabel"":""PENDING"",""assetApprovalStatus"":""APPROVED""},{""assetText"":""100% American Company"",""assetId"":36092219091,""assetPerformanceLabel"":""PENDING"",""assetApprovalStatus"":""APPROVED""},{""assetText"":""Reliable Top Quality Product"",""assetId"":36092219103,""assetPerformanceLabel"":""PENDING"",""assetApprovalStatus"":""APPROVED""}]","[{""assetText"":""Kralsu.com Wholesale Kitchen and Bathroom Faucets, Sinks and Accessories"",""assetId"":17985336866,""assetPerformanceLabel"":""PENDING"",""assetApprovalStatus"":""APPROVED""},{""assetText"":""Sinks and Accessories– KralSu Sink and Faucet Supplies"",""assetId"":35694740487,""assetPerformanceLabel"":""PENDING"",""assetApprovalStatus"":""APPROVED""},{""assetText"":""Top Ways To Choose The Best Working Kitchen Designs"",""assetId"":35694740484,""assetPerformanceLabel"":""PENDING"",""assetApprovalStatus"":""APPROVED""},{""assetText"":""100% Money Back Guarantee"",""assetId"":17985336854,""assetPerformanceLabel"":""PENDING"",""assetApprovalStatus"":""APPROVED""}]",undermount sink, --, --, --,"[""https://www.kralsu.com/collections/kitchen-sinks?_=pf&pf_t_installation=Installation%3A%20Undermount""]", --, --, --, --, --, --,12.12%,2022-04-09
, --, --, --,, --,,,Responsive search ad,590097485687,4494,14,22202556,1.00,"[{""assetText"":""{KeyWord:undermount kitchen sink}"",""assetId"":36092219094,""assetPerformanceLabel"":""PENDING"",""assetApprovalStatus"":""APPROVED""},{""assetText"":""Fast Shipping | Secure Payment"",""assetId"":36092219085,""assetPerformanceLabel"":""PENDING"",""assetApprovalStatus"":""APPROVED""},{""assetText"":""Undermount Kitchen Sinks"",""assetId"":36092219088,""assetPerformanceLabel"":""PENDING"",""assetApprovalStatus"":""APPROVED""},{""assetText"":""With Lifetime Warranty"",""assetId"":17913150578,""assetPerformanceLabel"":""PENDING"",""assetApprovalStatus"":""APPROVED""},{""assetText"":""Buy Kitchen Sinks"",""assetId"":36092219100,""assetPerformanceLabel"":""PENDING"",""assetApprovalStatus"":""APPROVED""},{""assetText"":""ADA Compliant Sinks"",""assetId"":36090546369,""assetPerformanceLabel"":""PENDING"",""assetApprovalStatus"":""APPROVED""},{""assetText"":""Starts @ $96 Only"",""assetId"":36092219097,""assetPerformanceLabel"":""PENDING"",""assetApprovalStatus"":""APPROVED""},{""assetText"":""100% American Company"",""assetId"":36092219091,""assetPerformanceLabel"":""PENDING"",""assetApprovalStatus"":""APPROVED""},{""assetText"":""Reliable Top Quality Product"",""assetId"":36092219103,""assetPerformanceLabel"":""PENDING"",""assetApprovalStatus"":""APPROVED""}]","[{""assetText"":""Kralsu.com Wholesale Kitchen and Bathroom Faucets, Sinks and Accessories"",""assetId"":17985336866,""assetPerformanceLabel"":""PENDING"",""assetApprovalStatus"":""APPROVED""},{""assetText"":""Sinks and Accessories– KralSu Sink and Faucet Supplies"",""assetId"":35694740487,""assetPerformanceLabel"":""PENDING"",""assetApprovalStatus"":""APPROVED""},{""assetText"":""Top Ways To Choose The Best Working Kitchen Designs"",""assetId"":35694740484,""assetPerformanceLabel"":""PENDING"",""assetApprovalStatus"":""APPROVED""},{""assetText"":""100% Money Back Guarantee"",""assetId"":17985336854,""assetPerformanceLabel"":""PENDING"",""assetApprovalStatus"":""APPROVED""}]",undermount sink, --, --, --,"[""https://www.kralsu.com/collections/kitchen-sinks?_=pf&pf_t_installation=Installation%3A%20Undermount""]", --, --, --, --, --, --,0.31%,2022-04-06
, --, --, --,, --,,,Responsive search ad,590097485687,2278,16,12145895,0.00,"[{""assetText"":""{KeyWord:undermount kitchen sink}"",""assetId"":36092219094,""assetPerformanceLabel"":""PENDING"",""assetApprovalStatus"":""APPROVED""},{""assetText"":""Fast Shipping | Secure Payment"",""assetId"":36092219085,""assetPerformanceLabel"":""PENDING"",""assetApprovalStatus"":""APPROVED""},{""assetText"":""Undermount Kitchen Sinks"",""assetId"":36092219088,""assetPerformanceLabel"":""PENDING"",""assetApprovalStatus"":""APPROVED""},{""assetText"":""With Lifetime Warranty"",""assetId"":17913150578,""assetPerformanceLabel"":""PENDING"",""assetApprovalStatus"":""APPROVED""},{""assetText"":""Buy Kitchen Sinks"",""assetId"":36092219100,""assetPerformanceLabel"":""PENDING"",""assetApprovalStatus"":""APPROVED""},{""assetText"":""ADA Compliant Sinks"",""assetId"":36090546369,""assetPerformanceLabel"":""PENDING"",""assetApprovalStatus"":""APPROVED""},{""assetText"":""Starts @ $96 Only"",""assetId"":36092219097,""assetPerformanceLabel"":""PENDING"",""assetApprovalStatus"":""APPROVED""},{""assetText"":""100% American Company"",""assetId"":36092219091,""assetPerformanceLabel"":""PENDING"",""assetApprovalStatus"":""APPROVED""},{""assetText"":""Reliable Top Quality Product"",""assetId"":36092219103,""assetPerformanceLabel"":""PENDING"",""assetApprovalStatus"":""APPROVED""}]","[{""assetText"":""Kralsu.com Wholesale Kitchen and Bathroom Faucets, Sinks and Accessories"",""assetId"":17985336866,""assetPerformanceLabel"":""PENDING"",""assetApprovalStatus"":""APPROVED""},{""assetText"":""Sinks and Accessories– KralSu Sink and Faucet Supplies"",""assetId"":35694740487,""assetPerformanceLabel"":""PENDING"",""assetApprovalStatus"":""APPROVED""},{""assetText"":""Top Ways To Choose The Best Working Kitchen Designs"",""assetId"":35694740484,""assetPerformanceLabel"":""PENDING"",""assetApprovalStatus"":""APPROVED""},{""assetText"":""100% Money Back Guarantee"",""assetId"":17985336854,""assetPerformanceLabel"":""PENDING"",""assetApprovalStatus"":""APPROVED""}]",undermount sink, --, --, --,"[""https://www.kralsu.com/collections/kitchen-sinks?_=pf&pf_t_installation=Installation%3A%20Undermount""]", --, --, --, --, --, --,0.70%,2022-04-17
, --, --, --,, --,,,Shopping ad (goal-optimized),490562103776,12310,131,162871013,0.60, --, --, --, --, --, --, --, --, --, --, --, --, --,1.06%,2022-04-29
, --, --, --,, --,,,Responsive search ad,594010352862,91,10,59660000,0.00,"[{""assetText"":""Kralsu Faucet"",""assetId"":37726868656,""assetPerformanceLabel"":""PENDING"",""assetApprovalStatus"":""APPROVED""},{""assetText"":""Wholesale Kitchen Faucets"",""assetId"":37726868626,""assetPerformanceLabel"":""PENDING"",""assetApprovalStatus"":""APPROVED""},{""assetText"":""Best ADA Kitchen Sinks"",""assetId"":37726868641,""assetPerformanceLabel"":""PENDING"",""assetApprovalStatus"":""APPROVED""},{""assetText"":""Top Kitchen & Bath ADA sinks"",""assetId"":37726868644,""assetPerformanceLabel"":""PENDING"",""assetApprovalStatus"":""APPROVED""},{""assetText"":""Kitchen Sinks Available"",""assetId"":17985336869,""assetPerformanceLabel"":""PENDING"",""assetApprovalStatus"":""APPROVED""},{""assetText"":""ADD stainless steel sink"",""assetId"":37726868647,""assetPerformanceLabel"":""PENDING"",""assetApprovalStatus"":""APPROVED""},{""assetText"":""Double Bowl Kitchen Sink"",""assetId"":37726868635,""assetPerformanceLabel"":""PENDING"",""assetApprovalStatus"":""APPROVED""},{""assetText"":""Single Bowl Kitchen Sink"",""assetId"":37726868629,""assetPerformanceLabel"":""PENDING"",""assetApprovalStatus"":""APPROVED""},{""assetText"":""Wheelchair Accessible Sinks"",""assetId"":37726868650,""assetPerformanceLabel"":""PENDING"",""assetApprovalStatus"":""APPROVED""},{""assetText"":""Kitchen & Bath Products"",""assetId"":37726868653,""assetPerformanceLabel"":""PENDING"",""assetApprovalStatus"":""APPROVED""},{""assetText"":""Best in Kitchen & Bath Sinks"",""assetId"":37726868638,""assetPerformanceLabel"":""PENDING"",""assetApprovalStatus"":""APPROVED""},{""assetText"":""High-Quality Plumbing Products"",""assetId"":37726868632,""assetPerformanceLabel"":""PENDING"",""assetApprovalStatus"":""APPROVED""},{""assetText"":""ADA Compliant Kitchen Sink"",""assetId"":12442161306,""assetPerformanceLabel"":""PENDING"",""assetApprovalStatus"":""APPROVED""}]","[{""assetText"":""Kralsu.com Wholesale Kitchen and Bathroom Faucets, Sinks and Accessories"",""assetId"":17985336866,""assetPerformanceLabel"":""PENDING"",""assetApprovalStatus"":""APPROVED""},{""assetText"":""Sinks and Accessories– KralSu Sink and Faucet Supplies"",""assetId"":35694740487,""assetPerformanceLabel"":""PENDING"",""assetApprovalStatus"":""APPROVED""},{""assetText"":""Top Ways To Choose The Best Working Kitchen Designs"",""assetId"":35694740484,""assetPerformanceLabel"":""PENDING"",""assetApprovalStatus"":""APPROVED""},{""assetText"":""Kral Su Is One Of The Internet's Best Source For Plumbing Products."",""assetId"":37726868623,""assetPerformanceLabel"":""PENDING"",""assetApprovalStatus"":""APPROVED""}]", --, --, --, --,"[""https://www.kralsu.com/collections/kitchen-sinks?_=pf&pf_t_depth=Depth%3A%20ADA%20compatible""]", --, --, --, --, --, --,10.99%,2022-04-24
, --, --, --,, --,,,Responsive search ad,594010352862,17,2,1190000,0.00,"[{""assetText"":""Kralsu Faucet"",""assetId"":37726868656,""assetPerformanceLabel"":""PENDING"",""assetApprovalStatus"":""APPROVED""},{""assetText"":""Wholesale Kitchen Faucets"",""assetId"":37726868626,""assetPerformanceLabel"":""PENDING"",""assetApprovalStatus"":""APPROVED""},{""assetText"":""Best ADA Kitchen Sinks"",""assetId"":37726868641,""assetPerformanceLabel"":""PENDING"",""assetApprovalStatus"":""APPROVED""},{""assetText"":""Top Kitchen & Bath ADA sinks"",""assetId"":37726868644,""assetPerformanceLabel"":""PENDING"",""assetApprovalStatus"":""APPROVED""},{""assetText"":""Kitchen Sinks Available"",""assetId"":17985336869,""assetPerformanceLabel"":""PENDING"",""assetApprovalStatus"":""APPROVED""},{""assetText"":""ADD stainless steel sink"",""assetId"":37726868647,""assetPerformanceLabel"":""PENDING"",""assetApprovalStatus"":""APPROVED""},{""assetText"":""Double Bowl Kitchen Sink"",""assetId"":37726868635,""assetPerformanceLabel"":""PENDING"",""assetApprovalStatus"":""APPROVED""},{""assetText"":""Single Bowl Kitchen Sink"",""assetId"":37726868629,""assetPerformanceLabel"":""PENDING"",""assetApprovalStatus"":""APPROVED""},{""assetText"":""Wheelchair Accessible Sinks"",""assetId"":37726868650,""assetPerformanceLabel"":""PENDING"",""assetApprovalStatus"":""APPROVED""},{""assetText"":""Kitchen & Bath Products"",""assetId"":37726868653,""assetPerformanceLabel"":""PENDING"",""assetApprovalStatus"":""APPROVED""},{""assetText"":""Best in Kitchen & Bath Sinks"",""assetId"":37726868638,""assetPerformanceLabel"":""PENDING"",""assetApprovalStatus"":""APPROVED""},{""assetText"":""High-Quality Plumbing Products"",""assetId"":37726868632,""assetPerformanceLabel"":""PENDING"",""assetApprovalStatus"":""APPROVED""},{""assetText"":""ADA Compliant Kitchen Sink"",""assetId"":12442161306,""assetPerformanceLabel"":""PENDING"",""assetApprovalStatus"":""APPROVED""}]","[{""assetText"":""Kralsu.com Wholesale Kitchen and Bathroom Faucets, Sinks and Accessories"",""assetId"":17985336866,""assetPerformanceLabel"":""PENDING"",""assetApprovalStatus"":""APPROVED""},{""assetText"":""Sinks and Accessories– KralSu Sink and Faucet Supplies"",""assetId"":35694740487,""assetPerformanceLabel"":""PENDING"",""assetApprovalStatus"":""APPROVED""},{""assetText"":""Top Ways To Choose The Best Working Kitchen Designs"",""assetId"":35694740484,""assetPerformanceLabel"":""PENDING"",""assetApprovalStatus"":""APPROVED""},{""assetText"":""Kral Su Is One Of The Internet's Best Source For Plumbing Products."",""assetId"":37726868623,""assetPerformanceLabel"":""PENDING"",""assetApprovalStatus"":""APPROVED""}]", --, --, --, --,"[""https://www.kralsu.com/collections/kitchen-sinks?_=pf&pf_t_depth=Depth%3A%20ADA%20compatible""]", --, --, --, --, --, --,11.76%,2022-04-21
, --, --, --,, --,,,Responsive search ad,594010352862,86,6,29380000,0.00,"[{""assetText"":""Kralsu Faucet"",""assetId"":37726868656,""assetPerformanceLabel"":""PENDING"",""assetApprovalStatus"":""APPROVED""},{""assetText"":""Wholesale Kitchen Faucets"",""assetId"":37726868626,""assetPerformanceLabel"":""PENDING"",""assetApprovalStatus"":""APPROVED""},{""assetText"":""Best ADA Kitchen Sinks"",""assetId"":37726868641,""assetPerformanceLabel"":""PENDING"",""assetApprovalStatus"":""APPROVED""},{""assetText"":""Top Kitchen & Bath ADA sinks"",""assetId"":37726868644,""assetPerformanceLabel"":""PENDING"",""assetApprovalStatus"":""APPROVED""},{""assetText"":""Kitchen Sinks Available"",""assetId"":17985336869,""assetPerformanceLabel"":""PENDING"",""assetApprovalStatus"":""APPROVED""},{""assetText"":""ADD stainless steel sink"",""assetId"":37726868647,""assetPerformanceLabel"":""PENDING"",""assetApprovalStatus"":""APPROVED""},{""assetText"":""Double Bowl Kitchen Sink"",""assetId"":37726868635,""assetPerformanceLabel"":""PENDING"",""assetApprovalStatus"":""APPROVED""},{""assetText"":""Single Bowl Kitchen Sink"",""assetId"":37726868629,""assetPerformanceLabel"":""PENDING"",""assetApprovalStatus"":""APPROVED""},{""assetText"":""Wheelchair Accessible Sinks"",""assetId"":37726868650,""assetPerformanceLabel"":""PENDING"",""assetApprovalStatus"":""APPROVED""},{""assetText"":""Kitchen & Bath Products"",""assetId"":37726868653,""assetPerformanceLabel"":""PENDING"",""assetApprovalStatus"":""APPROVED""},{""assetText"":""Best in Kitchen & Bath Sinks"",""assetId"":37726868638,""assetPerformanceLabel"":""PENDING"",""assetApprovalStatus"":""APPROVED""},{""assetText"":""High-Quality Plumbing Products"",""assetId"":37726868632,""assetPerformanceLabel"":""PENDING"",""assetApprovalStatus"":""APPROVED""},{""assetText"":""ADA Compliant Kitchen Sink"",""assetId"":12442161306,""assetPerformanceLabel"":""PENDING"",""assetApprovalStatus"":""APPROVED""}]","[{""assetText"":""Kralsu.com Wholesale Kitchen and Bathroom Faucets, Sinks and Accessories"",""assetId"":17985336866,""assetPerformanceLabel"":""PENDING"",""assetApprovalStatus"":""APPROVED""},{""assetText"":""Sinks and Accessories– KralSu Sink and Faucet Supplies"",""assetId"":35694740487,""assetPerformanceLabel"":""PENDING"",""assetApprovalStatus"":""APPROVED""},{""assetText"":""Top Ways To Choose The Best Working Kitchen Designs"",""assetId"":35694740484,""assetPerformanceLabel"":""PENDING"",""assetApprovalStatus"":""APPROVED""},{""assetText"":""Kral Su Is One Of The Internet's Best Source For Plumbing Products."",""assetId"":37726868623,""assetPerformanceLabel"":""PENDING"",""assetApprovalStatus"":""APPROVED""}]", --, --, --, --,"[""https://www.kralsu.com/collections/kitchen-sinks?_=pf&pf_t_depth=Depth%3A%20ADA%20compatible""]", --, --, --, --, --, --,6.98%,2022-04-23
, --, --, --,, --,,,Responsive search ad,594010352862,42,6,36030000,0.00,"[{""assetText"":""Kralsu Faucet"",""assetId"":37726868656,""assetPerformanceLabel"":""PENDING"",""assetApprovalStatus"":""APPROVED""},{""assetText"":""Wholesale Kitchen Faucets"",""assetId"":37726868626,""assetPerformanceLabel"":""PENDING"",""assetApprovalStatus"":""APPROVED""},{""assetText"":""Best ADA Kitchen Sinks"",""assetId"":37726868641,""assetPerformanceLabel"":""PENDING"",""assetApprovalStatus"":""APPROVED""},{""assetText"":""Top Kitchen & Bath ADA sinks"",""assetId"":37726868644,""assetPerformanceLabel"":""PENDING"",""assetApprovalStatus"":""APPROVED""},{""assetText"":""Kitchen Sinks Available"",""assetId"":17985336869,""assetPerformanceLabel"":""PENDING"",""assetApprovalStatus"":""APPROVED""},{""assetText"":""ADD stainless steel sink"",""assetId"":37726868647,""assetPerformanceLabel"":""PENDING"",""assetApprovalStatus"":""APPROVED""},{""assetText"":""Double Bowl Kitchen Sink"",""assetId"":37726868635,""assetPerformanceLabel"":""PENDING"",""assetApprovalStatus"":""APPROVED""},{""assetText"":""Single Bowl Kitchen Sink"",""assetId"":37726868629,""assetPerformanceLabel"":""PENDING"",""assetApprovalStatus"":""APPROVED""},{""assetText"":""Wheelchair Accessible Sinks"",""assetId"":37726868650,""assetPerformanceLabel"":""PENDING"",""assetApprovalStatus"":""APPROVED""},{""assetText"":""Kitchen & Bath Products"",""assetId"":37726868653,""assetPerformanceLabel"":""PENDING"",""assetApprovalStatus"":""APPROVED""},{""assetText"":""Best in Kitchen & Bath Sinks"",""assetId"":37726868638,""assetPerformanceLabel"":""PENDING"",""assetApprovalStatus"":""APPROVED""},{""assetText"":""High-Quality Plumbing Products"",""assetId"":37726868632,""assetPerformanceLabel"":""PENDING"",""assetApprovalStatus"":""APPROVED""},{""assetText"":""ADA Compliant Kitchen Sink"",""assetId"":12442161306,""assetPerformanceLabel"":""PENDING"",""assetApprovalStatus"":""APPROVED""}]","[{""assetText"":""Kralsu.com Wholesale Kitchen and Bathroom Faucets, Sinks and Accessories"",""assetId"":17985336866,""assetPerformanceLabel"":""PENDING"",""assetApprovalStatus"":""APPROVED""},{""assetText"":""Sinks and Accessories– KralSu Sink and Faucet Supplies"",""assetId"":35694740487,""assetPerformanceLabel"":""PENDING"",""assetApprovalStatus"":""APPROVED""},{""assetText"":""Top Ways To Choose The Best Working Kitchen Designs"",""assetId"":35694740484,""assetPerformanceLabel"":""PENDING"",""assetApprovalStatus"":""APPROVED""},{""assetText"":""Kral Su Is One Of The Internet's Best Source For Plumbing Products."",""assetId"":37726868623,""assetPerformanceLabel"":""PENDING"",""assetApprovalStatus"":""APPROVED""}]", --, --, --, --,"[""https://www.kralsu.com/collections/kitchen-sinks?_=pf&pf_t_depth=Depth%3A%20ADA%20compatible""]", --, --, --, --, --, --,14.29%,2022-04-25
, --, --, --,, --,,,Responsive search ad,594010352862,37,8,29000000,0.00,"[{""assetText"":""Kralsu Faucet"",""assetId"":37726868656,""assetPerformanceLabel"":""PENDING"",""assetApprovalStatus"":""APPROVED""},{""assetText"":""Wholesale Kitchen Faucets"",""assetId"":37726868626,""assetPerformanceLabel"":""PENDING"",""assetApprovalStatus"":""APPROVED""},{""assetText"":""Best ADA Kitchen Sinks"",""assetId"":37726868641,""assetPerformanceLabel"":""PENDING"",""assetApprovalStatus"":""APPROVED""},{""assetText"":""Top Kitchen & Bath ADA sinks"",""assetId"":37726868644,""assetPerformanceLabel"":""PENDING"",""assetApprovalStatus"":""APPROVED""},{""assetText"":""Kitchen Sinks Available"",""assetId"":17985336869,""assetPerformanceLabel"":""PENDING"",""assetApprovalStatus"":""APPROVED""},{""assetText"":""ADD stainless steel sink"",""assetId"":37726868647,""assetPerformanceLabel"":""PENDING"",""assetApprovalStatus"":""APPROVED""},{""assetText"":""Double Bowl Kitchen Sink"",""assetId"":37726868635,""assetPerformanceLabel"":""PENDING"",""assetApprovalStatus"":""APPROVED""},{""assetText"":""Single Bowl Kitchen Sink"",""assetId"":37726868629,""assetPerformanceLabel"":""PENDING"",""assetApprovalStatus"":""APPROVED""},{""assetText"":""Wheelchair Accessible Sinks"",""assetId"":37726868650,""assetPerformanceLabel"":""PENDING"",""assetApprovalStatus"":""APPROVED""},{""assetText"":""Kitchen & Bath Products"",""assetId"":37726868653,""assetPerformanceLabel"":""PENDING"",""assetApprovalStatus"":""APPROVED""},{""assetText"":""Best in Kitchen & Bath Sinks"",""assetId"":37726868638,""assetPerformanceLabel"":""PENDING"",""assetApprovalStatus"":""APPROVED""},{""assetText"":""High-Quality Plumbing Products"",""assetId"":37726868632,""assetPerformanceLabel"":""PENDING"",""assetApprovalStatus"":""APPROVED""},{""assetText"":""ADA Compliant Kitchen Sink"",""assetId"":12442161306,""assetPerformanceLabel"":""PENDING"",""assetApprovalStatus"":""APPROVED""}]","[{""assetText"":""Kralsu.com Wholesale Kitchen and Bathroom Faucets, Sinks and Accessories"",""assetId"":17985336866,""assetPerformanceLabel"":""PENDING"",""assetApprovalStatus"":""APPROVED""},{""assetText"":""Sinks and Accessories– KralSu Sink and Faucet Supplies"",""assetId"":35694740487,""assetPerformanceLabel"":""PENDING"",""assetApprovalStatus"":""APPROVED""},{""assetText"":""Top Ways To Choose The Best Working Kitchen Designs"",""assetId"":35694740484,""assetPerformanceLabel"":""PENDING"",""assetApprovalStatus"":""APPROVED""},{""assetText"":""Kral Su Is One Of The Internet's Best Source For Plumbing Products."",""assetId"":37726868623,""assetPerformanceLabel"":""PENDING"",""assetApprovalStatus"":""APPROVED""}]", --, --, --, --,"[""https://www.kralsu.com/collections/kitchen-sinks?_=pf&pf_t_depth=Depth%3A%20ADA%20compatible""]", --, --, --, --, --, --,21.62%,2022-04-22
, --, --, --,, --,,,Responsive search ad,594010352862,15,2,2480000,0.00,"[{""assetText"":""Kralsu Faucet"",""assetId"":37726868656,""assetPerformanceLabel"":""PENDING"",""assetApprovalStatus"":""APPROVED""},{""assetText"":""Wholesale Kitchen Faucets"",""assetId"":37726868626,""assetPerformanceLabel"":""PENDING"",""assetApprovalStatus"":""APPROVED""},{""assetText"":""Best ADA Kitchen Sinks"",""assetId"":37726868641,""assetPerformanceLabel"":""PENDING"",""assetApprovalStatus"":""APPROVED""},{""assetText"":""Top Kitchen & Bath ADA sinks"",""assetId"":37726868644,""assetPerformanceLabel"":""PENDING"",""assetApprovalStatus"":""APPROVED""},{""assetText"":""Kitchen Sinks Available"",""assetId"":17985336869,""assetPerformanceLabel"":""PENDING"",""assetApprovalStatus"":""APPROVED""},{""assetText"":""ADD stainless steel sink"",""assetId"":37726868647,""assetPerformanceLabel"":""PENDING"",""assetApprovalStatus"":""APPROVED""},{""assetText"":""Double Bowl Kitchen Sink"",""assetId"":37726868635,""assetPerformanceLabel"":""PENDING"",""assetApprovalStatus"":""APPROVED""},{""assetText"":""Single Bowl Kitchen Sink"",""assetId"":37726868629,""assetPerformanceLabel"":""PENDING"",""assetApprovalStatus"":""APPROVED""},{""assetText"":""Wheelchair Accessible Sinks"",""assetId"":37726868650,""assetPerformanceLabel"":""PENDING"",""assetApprovalStatus"":""APPROVED""},{""assetText"":""Kitchen & Bath Products"",""assetId"":37726868653,""assetPerformanceLabel"":""PENDING"",""assetApprovalStatus"":""APPROVED""},{""assetText"":""Best in Kitchen & Bath Sinks"",""assetId"":37726868638,""assetPerformanceLabel"":""PENDING"",""assetApprovalStatus"":""APPROVED""},{""assetText"":""High-Quality Plumbing Products"",""assetId"":37726868632,""assetPerformanceLabel"":""PENDING"",""assetApprovalStatus"":""APPROVED""},{""assetText"":""ADA Compliant Kitchen Sink"",""assetId"":12442161306,""assetPerformanceLabel"":""PENDING"",""assetApprovalStatus"":""APPROVED""}]","[{""assetText"":""Kralsu.com Wholesale Kitchen and Bathroom Faucets, Sinks and Accessories"",""assetId"":17985336866,""assetPerformanceLabel"":""PENDING"",""assetApprovalStatus"":""APPROVED""},{""assetText"":""Sinks and Accessories– KralSu Sink and Faucet Supplies"",""assetId"":35694740487,""assetPerformanceLabel"":""PENDING"",""assetApprovalStatus"":""APPROVED""},{""assetText"":""Top Ways To Choose The Best Working Kitchen Designs"",""assetId"":35694740484,""assetPerformanceLabel"":""PENDING"",""assetApprovalStatus"":""APPROVED""},{""assetText"":""Kral Su Is One Of The Internet's Best Source For Plumbing Products."",""assetId"":37726868623,""assetPerformanceLabel"":""PENDING"",""assetApprovalStatus"":""APPROVED""}]", --, --, --, --,"[""https://www.kralsu.com/collections/kitchen-sinks?_=pf&pf_t_depth=Depth%3A%20ADA%20compatible""]", --, --, --, --, --, --,13.33%,2022-04-26
, --, --, --,, --,,,Responsive search ad,590097485687,71,5,19770000,0.00,"[{""assetText"":""{KeyWord:undermount kitchen sink}"",""assetId"":36092219094,""assetPerformanceLabel"":""PENDING"",""assetApprovalStatus"":""APPROVED""},{""assetText"":""Fast Shipping | Secure Payment"",""assetId"":36092219085,""assetPerformanceLabel"":""PENDING"",""assetApprovalStatus"":""APPROVED""},{""assetText"":""Undermount Kitchen Sinks"",""assetId"":36092219088,""assetPerformanceLabel"":""PENDING"",""assetApprovalStatus"":""APPROVED""},{""assetText"":""With Lifetime Warranty"",""assetId"":17913150578,""assetPerformanceLabel"":""PENDING"",""assetApprovalStatus"":""APPROVED""},{""assetText"":""Buy Kitchen Sinks"",""assetId"":36092219100,""assetPerformanceLabel"":""PENDING"",""assetApprovalStatus"":""APPROVED""},{""assetText"":""ADA Compliant Sinks"",""assetId"":36090546369,""assetPerformanceLabel"":""PENDING"",""assetApprovalStatus"":""APPROVED""},{""assetText"":""Starts @ $96 Only"",""assetId"":36092219097,""assetPerformanceLabel"":""PENDING"",""assetApprovalStatus"":""APPROVED""},{""assetText"":""100% American Company"",""assetId"":36092219091,""assetPerformanceLabel"":""PENDING"",""assetApprovalStatus"":""APPROVED""},{""assetText"":""Reliable Top Quality Product"",""assetId"":36092219103,""assetPerformanceLabel"":""PENDING"",""assetApprovalStatus"":""APPROVED""}]","[{""assetText"":""Kralsu.com Wholesale Kitchen and Bathroom Faucets, Sinks and Accessories"",""assetId"":17985336866,""assetPerformanceLabel"":""PENDING"",""assetApprovalStatus"":""APPROVED""},{""assetText"":""Sinks and Accessories– KralSu Sink and Faucet Supplies"",""assetId"":35694740487,""assetPerformanceLabel"":""PENDING"",""assetApprovalStatus"":""APPROVED""},{""assetText"":""Top Ways To Choose The Best Working Kitchen Designs"",""assetId"":35694740484,""assetPerformanceLabel"":""PENDING"",""assetApprovalStatus"":""APPROVED""},{""assetText"":""100% Money Back Guarantee"",""assetId"":17985336854,""assetPerformanceLabel"":""PENDING"",""assetApprovalStatus"":""APPROVED""}]",undermount sink, --, --, --,"[""https://www.kralsu.com/collections/kitchen-sinks?_=pf&pf_t_installation=Installation%3A%20Undermount""]", --, --, --, --, --, --,7.04%,2022-04-08
, --, --, --,, --,,,Responsive search ad,590097485687,1830,15,9623157,0.00,"[{""assetText"":""{KeyWord:undermount kitchen sink}"",""assetId"":36092219094,""assetPerformanceLabel"":""PENDING"",""assetApprovalStatus"":""APPROVED""},{""assetText"":""Fast Shipping | Secure Payment"",""assetId"":36092219085,""assetPerformanceLabel"":""PENDING"",""assetApprovalStatus"":""APPROVED""},{""assetText"":""Undermount Kitchen Sinks"",""assetId"":36092219088,""assetPerformanceLabel"":""PENDING"",""assetApprovalStatus"":""APPROVED""},{""assetText"":""With Lifetime Warranty"",""assetId"":17913150578,""assetPerformanceLabel"":""PENDING"",""assetApprovalStatus"":""APPROVED""},{""assetText"":""Buy Kitchen Sinks"",""assetId"":36092219100,""assetPerformanceLabel"":""PENDING"",""assetApprovalStatus"":""APPROVED""},{""assetText"":""ADA Compliant Sinks"",""assetId"":36090546369,""assetPerformanceLabel"":""PENDING"",""assetApprovalStatus"":""APPROVED""},{""assetText"":""Starts @ $96 Only"",""assetId"":36092219097,""assetPerformanceLabel"":""PENDING"",""assetApprovalStatus"":""APPROVED""},{""assetText"":""100% American Company"",""assetId"":36092219091,""assetPerformanceLabel"":""PENDING"",""assetApprovalStatus"":""APPROVED""},{""assetText"":""Reliable Top Quality Product"",""assetId"":36092219103,""assetPerformanceLabel"":""PENDING"",""assetApprovalStatus"":""APPROVED""}]","[{""assetText"":""Kralsu.com Wholesale Kitchen and Bathroom Faucets, Sinks and Accessories"",""assetId"":17985336866,""assetPerformanceLabel"":""PENDING"",""assetApprovalStatus"":""APPROVED""},{""assetText"":""Sinks and Accessories– KralSu Sink and Faucet Supplies"",""assetId"":35694740487,""assetPerformanceLabel"":""PENDING"",""assetApprovalStatus"":""APPROVED""},{""assetText"":""Top Ways To Choose The Best Working Kitchen Designs"",""assetId"":35694740484,""assetPerformanceLabel"":""PENDING"",""assetApprovalStatus"":""APPROVED""},{""assetText"":""100% Money Back Guarantee"",""assetId"":17985336854,""assetPerformanceLabel"":""PENDING"",""assetApprovalStatus"":""APPROVED""}]",undermount sink, --, --, --,"[""https://www.kralsu.com/collections/kitchen-sinks?_=pf&pf_t_installation=Installation%3A%20Undermount""]", --, --, --, --, --, --,0.82%,2022-04-10
, --, --, --,, --,,,Responsive search ad,590097485687,385,5,13810000,0.00,"[{""assetText"":""{KeyWord:undermount kitchen sink}"",""assetId"":36092219094,""assetPerformanceLabel"":""PENDING"",""assetApprovalStatus"":""APPROVED""},{""assetText"":""Fast Shipping | Secure Payment"",""assetId"":36092219085,""assetPerformanceLabel"":""PENDING"",""assetApprovalStatus"":""APPROVED""},{""assetText"":""Undermount Kitchen Sinks"",""assetId"":36092219088,""assetPerformanceLabel"":""PENDING"",""assetApprovalStatus"":""APPROVED""},{""assetText"":""With Lifetime Warranty"",""assetId"":17913150578,""assetPerformanceLabel"":""PENDING"",""assetApprovalStatus"":""APPROVED""},{""assetText"":""Buy Kitchen Sinks"",""assetId"":36092219100,""assetPerformanceLabel"":""PENDING"",""assetApprovalStatus"":""APPROVED""},{""assetText"":""ADA Compliant Sinks"",""assetId"":36090546369,""assetPerformanceLabel"":""PENDING"",""assetApprovalStatus"":""APPROVED""},{""assetText"":""Starts @ $96 Only"",""assetId"":36092219097,""assetPerformanceLabel"":""PENDING"",""assetApprovalStatus"":""APPROVED""},{""assetText"":""100% American Company"",""assetId"":36092219091,""assetPerformanceLabel"":""PENDING"",""assetApprovalStatus"":""APPROVED""},{""assetText"":""Reliable Top Quality Product"",""assetId"":36092219103,""assetPerformanceLabel"":""PENDING"",""assetApprovalStatus"":""APPROVED""}]","[{""assetText"":""Kralsu.com Wholesale Kitchen and Bathroom Faucets, Sinks and Accessories"",""assetId"":17985336866,""assetPerformanceLabel"":""PENDING"",""assetApprovalStatus"":""APPROVED""},{""assetText"":""Sinks and Accessories– KralSu Sink and Faucet Supplies"",""assetId"":35694740487,""assetPerformanceLabel"":""PENDING"",""assetApprovalStatus"":""APPROVED""},{""assetText"":""Top Ways To Choose The Best Working Kitchen Designs"",""assetId"":35694740484,""assetPerformanceLabel"":""PENDING"",""assetApprovalStatus"":""APPROVED""},{""assetText"":""100% Money Back Guarantee"",""assetId"":17985336854,""assetPerformanceLabel"":""PENDING"",""assetApprovalStatus"":""APPROVED""}]",undermount sink, --, --, --,"[""https://www.kralsu.com/collections/kitchen-sinks?_=pf&pf_t_installation=Installation%3A%20Undermount""]", --, --, --, --, --, --,1.30%,2022-04-14
,Buy Allora Undermount Sinks,30 Day Money Back Guarantee,100% American Order Now,,Kralsu offers you the best collection of undermount kitchen sinks for all you needs.,,,Expanded text ad,591476151754,1,0,0,0.00, --, --, --, --,Order now as our products come with lifetime warranty and 30 day money back guarantee, --,"[""https://www.kralsu.com/collections/kitchen-sinks?_=pf&pf_t_installation=Installation%3A%20Undermount""]",undermount sink, --, --, --, --, --,0.00%,2022-04-09
,Buy Allora Undermount Sinks,30 Day Money Back Guarantee,100% American Order Now,,Kralsu offers you the best collection of undermount kitchen sinks for all you needs.,,,Expanded text ad,591476151754,13,2,1655965,0.00, --, --, --, --,Order now as our products come with lifetime warranty and 30 day money back guarantee, --,"[""https://www.kralsu.com/collections/kitchen-sinks?_=pf&pf_t_installation=Installation%3A%20Undermount""]",undermount sink, --, --, --, --, --,15.38%,2022-04-08
,Buy Allora Undermount Sinks,30 Day Money Back Guarantee,100% American Order Now,,Kralsu offers you the best collection of undermount kitchen sinks for all you needs.,,,Expanded text ad,591476151754,50,1,471046,0.00, --, --, --, --,Order now as our products come with lifetime warranty and 30 day money back guarantee, --,"[""https://www.kralsu.com/collections/kitchen-sinks?_=pf&pf_t_installation=Installation%3A%20Undermount""]",undermount sink, --, --, --, --, --,2.00%,2022-04-14
,Buy Allora Undermount Sinks,30 Day Money Back Guarantee,100% American Order Now,,Kralsu offers you the best collection of undermount kitchen sinks for all you needs.,,,Expanded text ad,591476151754,53,0,0,0.00, --, --, --, --,Order now as our products come with lifetime warranty and 30 day money back guarantee, --,"[""https://www.kralsu.com/collections/kitchen-sinks?_=pf&pf_t_installation=Installation%3A%20Undermount""]",undermount sink, --, --, --, --, --,0.00%,2022-04-16
,Buy Allora Undermount Sinks,30 Day Money Back Guarantee,100% American Order Now,,Kralsu offers you the best collection of undermount kitchen sinks for all you needs.,,,Expanded text ad,591476151754,70,0,0,0.00, --, --, --, --,Order now as our products come with lifetime warranty and 30 day money back guarantee, --,"[""https://www.kralsu.com/collections/kitchen-sinks?_=pf&pf_t_installation=Installation%3A%20Undermount""]",undermount sink, --, --, --, --, --,0.00%,2022-04-12
,Buy Allora Undermount Sinks,30 Day Money Back Guarantee,100% American Order Now,,Kralsu offers you the best collection of undermount kitchen sinks for all you needs.,,,Expanded text ad,591476151754,67,0,0,0.00, --, --, --, --,Order now as our products come with lifetime warranty and 30 day money back guarantee, --,"[""https://www.kralsu.com/collections/kitchen-sinks?_=pf&pf_t_installation=Installation%3A%20Undermount""]",undermount sink, --, --, --, --, --,0.00%,2022-04-15
,Buy Allora Undermount Sinks,30 Day Money Back Guarantee,100% American Order Now,,Kralsu offers you the best collection of undermount kitchen sinks for all you needs.,,,Expanded text ad,591476151754,37,0,0,0.00, --, --, --, --,Order now as our products come with lifetime warranty and 30 day money back guarantee, --,"[""https://www.kralsu.com/collections/kitchen-sinks?_=pf&pf_t_installation=Installation%3A%20Undermount""]",undermount sink, --, --, --, --, --,0.00%,2022-04-13
,Buy Allora Undermount Sinks,30 Day Money Back Guarantee,100% American Order Now,,Kralsu offers you the best collection of undermount kitchen sinks for all you needs.,,,Expanded text ad,591476151754,214,0,0,0.00, --, --, --, --,Order now as our products come with lifetime warranty and 30 day money back guarantee, --,"[""https://www.kralsu.com/collections/kitchen-sinks?_=pf&pf_t_installation=Installation%3A%20Undermount""]",undermount sink, --, --, --, --, --,0.00%,2022-04-11
,Buy Allora Undermount Sinks,30 Day Money Back Guarantee,100% American Order Now,,Kralsu offers you the best collection of undermount kitchen sinks for all you needs.,,,Expanded text ad,591476151754,466,0,0,0.00, --, --, --, --,Order now as our products come with lifetime warranty and 30 day money back guarantee, --,"[""https://www.kralsu.com/collections/kitchen-sinks?_=pf&pf_t_installation=Installation%3A%20Undermount""]",undermount sink, --, --, --, --, --,0.00%,2022-04-17
,Buy Allora Undermount Sinks,30 Day Money Back Guarantee,100% American Order Now,,Kralsu offers you the best collection of undermount kitchen sinks for all you needs.,,,Expanded text ad,591476151754,1465,2,790450,0.00, --, --, --, --,Order now as our products come with lifetime warranty and 30 day money back guarantee, --,"[""https://www.kralsu.com/collections/kitchen-sinks?_=pf&pf_t_installation=Installation%3A%20Undermount""]",undermount sink, --, --, --, --, --,0.14%,2022-04-06
,Buy Allora Undermount Sinks,30 Day Money Back Guarantee,100% American Order Now,,Kralsu offers you the best collection of undermount kitchen sinks for all you needs.,,,Expanded text ad,591476151754,258,0,0,0.00, --, --, --, --,Order now as our products come with lifetime warranty and 30 day money back guarantee, --,"[""https://www.kralsu.com/collections/kitchen-sinks?_=pf&pf_t_installation=Installation%3A%20Undermount""]",undermount sink, --, --, --, --, --,0.00%,2022-04-07
,Buy Allora Undermount Sinks,30 Day Money Back Guarantee,100% American Order Now,,Kralsu offers you the best collection of undermount kitchen sinks for all you needs.,,,Expanded text ad,591476151754,294,1,357419,0.00, --, --, --, --,Order now as our products come with lifetime warranty and 30 day money back guarantee, --,"[""https://www.kralsu.com/collections/kitchen-sinks?_=pf&pf_t_installation=Installation%3A%20Undermount""]",undermount sink, --, --, --, --, --,0.34%,2022-04-10
,Buy Allora Undermount Sinks,30 Day Money Back Guarantee,100% American Order Now,,Kralsu offers you the best collection of undermount kitchen sinks for all you needs.,,,Expanded text ad,591476151754,55,0,0,0.00, --, --, --, --,Order now as our products come with lifetime warranty and 30 day money back guarantee, --,"[""https://www.kralsu.com/collections/kitchen-sinks?_=pf&pf_t_installation=Installation%3A%20Undermount""]",undermount sink, --, --, --, --, --,0.00%,2022-04-19
,Buy Allora Undermount Sinks,30 Day Money Back Guarantee,100% American Order Now,,Kralsu offers you the best collection of undermount kitchen sinks for all you needs.,,,Expanded text ad,591476151754,26,0,0,0.00, --, --, --, --,Order now as our products come with lifetime warranty and 30 day money back guarantee, --,"[""https://www.kralsu.com/collections/kitchen-sinks?_=pf&pf_t_installation=Installation%3A%20Undermount""]",undermount sink, --, --, --, --, --,0.00%,2022-04-20
,Buy Allora Undermount Sinks,30 Day Money Back Guarantee,100% American Order Now,,Kralsu offers you the best collection of undermount kitchen sinks for all you needs.,,,Expanded text ad,591476151754,63,0,0,0.00, --, --, --, --,Order now as our products come with lifetime warranty and 30 day money back guarantee, --,"[""https://www.kralsu.com/collections/kitchen-sinks?_=pf&pf_t_installation=Installation%3A%20Undermount""]",undermount sink, --, --, --, --, --,0.00%,2022-04-18
Total, --, --, --, --, --, --, --, --, --,379063,4459,3636863912,20.00, --, --, --, --, --, --, --, --, --, --, --, --, --,1.18%, --
